{"cameraMode":{"drawMode":0,"name":"Shaded","section":"Shading Mode"},"sceneLighting":true,"audioPlay":false,"sceneViewState":{"m_AlwaysRefresh":false,"showFog":true,"showSkybox":true,"showFlares":true,"showImageEffects":true,"showParticleSystems":true,"showVisualEffectGraphs":true,"m_FxEnabled":true},"in2DMode":false,"pivot":{"x":-16.725723266601564,"y":-13.730306625366211,"z":35.56260299682617},"rotation":{"x":0.14813585579395295,"y":-0.3899894654750824,"z":0.06103825941681862,"w":0.9073383808135986},"size":43.557369232177737,"orthographic":false}